{"cameraMode":{"drawMode":0,"name":"Shaded","section":"Shading Mode"},"sceneLighting":true,"audioPlay":false,"sceneViewState":{"m_AlwaysRefresh":false,"showFog":true,"showSkybox":true,"showFlares":true,"showImageEffects":true,"showParticleSystems":true,"showVisualEffectGraphs":true,"m_FxEnabled":true},"in2DMode":false,"pivot":{"x":0.2653768062591553,"y":2.1477713584899904,"z":0.19239258766174317},"rotation":{"x":0.09252699464559555,"y":0.08502648025751114,"z":-0.007930629886686802,"w":0.9920439124107361},"size":7.847452640533447,"orthographic":false}